ts	phase	decision	why	evidence	result
2026-09-26T01:02:00Z	frame	read the whole UI surface and the project's own rules before changing anything	a redesign this size needs to know what it will break	subagent inventory; AGENTS.md; .keel/config.md	30 routes, 45 feature components, 220 markup-dependent test queries found
2026-09-26T01:03:00Z	frame	built a screenshot harness and captured the old UI first	so the change is judged against a baseline instead of memory	design/shot.mjs; design/routes.json; design/screens/baseline/	16 baseline screenshots, desktop and mobile, dark and light
2026-09-26T01:05:00Z	palette	kept the ember accent and raised the two quiet greys	the source palette's dim grey measured 3.15:1, under the 4.5:1 body-text floor	design/tokens.json; node design/audit-contrast.mjs	all 58 pairs clear their thresholds
2026-09-26T01:08:00Z	palette	gave light mode a neutral ground and its own darker accent	the dark accent measures 3.32:1 on white, so it cannot be reused there	design/tokens.json; audit output	light ember #a05526 measures 5.36:1 on the light ground
2026-09-26T01:12:00Z	palette	split hairlines from control boundaries in the audit	a decorative divider carries no meaning, an input boundary must be perceivable	design/audit-contrast.mjs	field border 3.72:1 dark and 3.30:1 light, dividers unchecked
2026-09-26T01:15:00Z	verification	noted this model cannot view images, so visual checks route to computed styles and to the user	a screenshot I cannot see proves nothing	Read on design/screens/baseline/home-desktop-dark.png returned no image	verification plan changed to measured style audits plus screenshots for a human
2026-09-26T01:20:00Z	verification	wrote a design-rule linter for the palette and the retired patterns	so the brief's hard rules are checked rather than remembered	design/lint-tokens.mjs	running it on the current globals.css flags all 20 acid-yellow values
2026-09-26T01:27:00Z	verification	fixed the linter's arrow rule after it flagged ordinary markup	the rule matched a bare angle bracket before a closing anchor tag	design/lint-tokens.mjs	the rule now needs an anchor and an arrow glyph on the same line
2026-09-26T01:30:00Z	directions	sent three design directions to build in parallel as real HTML	judging built pages beats arguing about adjectives	design/brief.md; design/prototypes/	three files, one per direction, built independently
2026-09-26T01:57:45Z	shadcn init	initialised shadcn with the radix base and no component reinstall	needed a maintained primitive layer, and radix matches the packages already installed	components.json, package.json	config written, nothing of mine overwritten except lib/utils.ts
2026-09-26T01:57:45Z	shadcn init	restored lib/utils.ts after the CLI replaced it with a one-line re-export	the CLI silently deleted eleven helpers that twenty files import	git show HEAD:lib/utils.ts, verified identical to HEAD	typecheck green again, removed the bogus cn dependency the CLI added
2026-09-26T01:57:45Z	step 1	replaced the token layer with Ember, one source, both themes	tokens lived in three places and the light theme was unreachable	app/globals.css, design/tokens.json, node design/audit-contrast.mjs	globals.css lints clean, typecheck green, all routes serve
2026-09-26T01:57:45Z	step 1	measured the live landing page after the token swap	the token layer is only worth anything if the browser agrees with the file	node design/audit-page.mjs http://localhost:3000/	off-palette colours: none, focus ring 2px ember offset 2px, two contrast bugs found
2026-09-26T01:57:45Z	step 1	found muted text on the accent fill measuring 1.3:1 on the landing workflow card	the old palette had the same bug, so it is a real defect rather than a migration slip	design/screens, step 07 card in app/page.tsx	open, fixed when the landing page is rebuilt
2026-09-26T01:57:45Z	verification	taught the page audit to ignore fully transparent shadow placeholders	Tailwind emits them as ring placeholders and they were drowning the real signal	design/audit-page.mjs	re-run reports only shadows that render
2026-09-26T02:14:53Z	directions	chose Field Manual typography with the Proof Sheet evidence spine as the design language	Field Manual had the strongest type system and Proof Sheet the most product-specific idea, and both converged on the same margin column	design/prototypes/, design/audit-page.mjs, user's pick	decided, recorded in docs/specs/2026-09-25-ember-redesign.md
2026-09-26T02:14:53Z	directions	set the build order so the landing page and app chrome finish first	the user picked visibility as the priority if the run stops early	AskUser answer	open, drives steps 3 and 4
2026-09-26T02:14:53Z	directions	kept serif prose for the document and sans for chrome	the reading surface is the differentiator and almost no competitor sets specs as a document	AskUser answer	open, implemented in the reading surface
2026-09-26T02:47:14Z	step 3	rebuilt the header and footer on the new tokens, solid ground and a background-step active state	frosted chrome needs a contrast fallback and a solid header is simpler and guaranteed	components/site-header.tsx, components/site-footer.tsx	page audit reports a 60px fixed header, content clear, focus ring correct
2026-09-26T02:47:14Z	step 4	rebuilt the landing page around a rendered specification instead of a marquee and a stack banner	the hero should show the product rather than describe it in adjectives	app/page.tsx, design/screens/step-8/	off-palette colours none, contrast failures none, prose 68 characters, no shadows
2026-09-26T02:47:14Z	step 5	moved the Clerk appearance onto token variables so both themes follow from one declaration	the appearance previously hardcoded the palette a third time and forced uppercase on Clerk's own labels	lib/clerk-theme.ts	sign-in audit shows zero off-palette colours, which proves Clerk resolves the variables
2026-09-26T02:47:14Z	reading surface	made the artifact render as a document with anchors, a table of contents, and claim state in the margin	the review experience is the gap in the market and the reason for the redesign	components/artifact-document.tsx, components/spec-document.tsx, app/design/page.tsx	typed 17px serif prose, 3 font roles, no contrast failures
2026-09-26T02:47:14Z	reading surface	found tables were missing from the markdown sanitize allowlist so spec tables rendered as nothing	specifications are full of field tables and they were being silently dropped	lib/markdown-render.ts, lib/__tests__/markdown-render.test.ts	tables now render, 11 tests pass
2026-09-26T02:47:14Z	reading surface	wrote the claim manifest parser and learned the no-evidence form has no colon	the test caught it: the format is Evidence not captured, not Evidence: not captured	lib/claims.ts, lib/__tests__/claims.test.ts	13 tests pass
2026-09-26T02:47:14Z	reading surface	added a development-only preview route so the reading surface is screenshotable without signing in	authenticated surfaces cannot be captured without credentials, so the differentiator was otherwise unverifiable	app/design/page.tsx, design/routes.json	20 screenshots captured across both themes and two viewports
2026-09-26T03:32:27Z	step 2	found that cn() was silently deleting every Ember type-scale utility	tailwind-merge cannot infer text-caption from a value pattern and treated it as a text colour, so size and colour cancelled each other	lib/utils.ts, verified with a direct cn() call	fixed with extendTailwindMerge; text-label text-dim now keeps both
2026-09-26T03:32:27Z	step 2	rethemed 18 primitives without changing a single export, prop or variant name	44 files import Button and 26 import Card, so an API change would have rippled everywhere	components/ui/, 580 tests still pass	gates green
2026-09-26T03:32:27Z	step 2	gave modals a dedicated scrim token, dark in both themes	the previous value was a near-white wash in light mode, which left a modal floating on white	app/globals.css, components/ui/dialog.tsx, components/ui/confirm-dialog.tsx	bg-scrim resolves to 40% dark in light and 75% in dark
2026-09-26T03:32:27Z	step 2	swept the new registry primitives onto the type and radius scale	they arrived with text-sm, text-xs, rounded-md and rounded-xl from the registry defaults	components/ui/*.tsx, node design/lint-tokens.mjs	no off-scale size or radius class remains in components/ui
2026-09-26T03:32:27Z	step 2	replaced four emoji section icons with lucide icons	the token lint caught them, and emoji as icons is a tell the brief bans	components/section-plan-preview.tsx	lint clean
2026-09-26T03:32:27Z	verification	ran the full gate set	the redesign only counts if the repo's own gates agree	npm run typecheck, npm run lint, npm run test, node design/audit-contrast.mjs, node .keel/validate-docs-lifecycle.mjs	580 tests pass, contrast passes, docs lifecycle passes
2026-09-26T03:32:27Z	verification	measured the three public surfaces in the browser	a token file agreeing with itself proves nothing about what renders	node design/audit-page.mjs /, /design, /sign-in	no off-palette colour, no contrast failure, no shadow, 3 font roles, correct focus ring on all three
2026-09-26T04:10:29Z	review fix	rewired seven primitives that imported cn from the npm package instead of lib/utils	the shadcn add command re-added the cn dependency and its own cn lacks the type-scale fix, so the bug was still live for those files	components/ui/{alert,breadcrumb,empty,separator,spinner,table,tooltip}.tsx	imports rewritten, cn and react-fast-marquee and cmdk uninstalled
2026-09-26T04:10:29Z	review fix	rebuilt the four error and not-found pages	they still carried the acid-yellow gradient grid, corner brackets, a blur glow and uppercase headings, which the spec listed for deletion but nothing had checked	app/error.tsx, app/not-found.tsx, app/project/[id]/error.tsx, app/project/[id]/not-found.tsx	no acid-yellow literal and no brutalist decoration remains under app/
2026-09-26T04:10:29Z	review fix	taught the linter to see off-scale type, radius and tracking utilities	the earlier claim that a sweep left no off-scale class was unprovable because the linter had no such rule	design/lint-tokens.mjs	real count over app, components, hooks and lib: 835 errors and 205 uppercase warnings, all in surfaces steps 6, 7 and 9 still own
2026-09-26T04:10:29Z	review fix	added a token sync audit so the stylesheet cannot drift from the token file	the docs claimed the theme block was generated but the values are mirrored by hand	design/audit-token-sync.mjs, design/tokens.json	38 values compared across both themes, 0 mismatches
2026-09-26T04:10:29Z	review fix	wired the design gates into CI	the ADR claimed a build-failing contrast audit and nothing was running in CI	.github/workflows/ci.yml	contrast, token sync and the palette lint run over the migrated surfaces; the file list grows per surface
2026-09-26T04:10:29Z	review fix	added a theme switch to the footer	light mode rendered in the harness but no user could reach it, which was the original complaint about the old build	components/theme-toggle.tsx, components/site-footer.tsx	toggle reads and writes the next-themes class
2026-09-26T04:10:29Z	review fix	re-measured sign-in after a challenge that it carried Clerk default shadows and two off-scale radii	the reviewer measured Clerk's loading skeleton; steady state differs	node design/audit-page.mjs /sign-in	steady state: radii 6px only, shadows none, no off-palette, no contrast failure
2026-09-26T04:10:29Z	verification	ran the e2e suite, which no earlier step had run	the last untested gate	npm run test:e2e	4 passed
2026-09-26T03:05:00Z	step 6,7,9	ran a rule table over 54 files instead of editing each by hand	835 errors were mechanical: 610 off-scale type, 200 tracking, 15 radius, 10 emoji	design/lint-tokens.mjs, rule table in the session log	2100 replacements, whole-tree lint 835 to 0 errors and 205 to 0 warnings
2026-09-26T03:05:00Z	step 6,7,9	caught and repaired a truncated token the rule table produced	the shade alternation matched 50 inside 500, so bg-emerald-500 became bg-sage0	git grep over HEAD, 278 occurrences, 28 files	all 278 repaired; SHADE now alternates longest-first
2026-09-26T03:06:00Z	step 6,7,9	found the dead text-v-h2 and text-v-h3 scale still referenced by 41 call sites in 26 files	step 1 deleted the tokens and nothing replaced the call sites, so those headings rendered at the inherited size	components/ui/card.tsx was already correct, so the drift was page-level only	grep count 41 to 0, replaced with text-heading and text-title
2026-09-26T03:06:00Z	step 6,7,9	found page-header referenced by ten heroes and never defined	browser inspection showed the hero band had no padding, because the utility was deleted with the token layer and not restored	app/globals.css had page-container and page-section only	one shared header treatment defined and the ten heroes rebuilt on it
2026-09-26T03:10:00Z	step 7	collapsed the workflow to one stepper and one next action per page	the project page and the phase page each described the same eight phases three or four times	docs/adr/0001, docs/specs/2026-09-25-guided-workflow.md flow items 2 and 3	components/add-section-menu.tsx carries the only re-enable control; 30 workflow tests pass
2026-09-26T03:12:00Z	step 8	made the reading surface mermaid-aware and split-safe	an artifact with a diagram fence lost the diagram and would have shifted every later anchor	lib/mermaid-splitter.ts, lib/markdown-render.ts	renderSpecHtml takes startIndex, countSpecHeadings reports the cursor, 10 tests cover it
2026-09-26T03:12:00Z	step 8	replaced the card-and-modal artifact view with the document	the spec is the product and the view treated it as a card with a collapsed preview	components/artifact-preview.tsx, app/project/[id]/phase/[phaseId]/page.tsx	header carries identity and actions, body is the document, critique sits behind a disclosure
2026-09-26T03:20:00Z	step 9	rewrote the two legal pages off a client motion wrapper onto the document language	they carried a faded display heading, 4px accent rules and a font-weight 500 body, the loudest retired pattern left in the tree	app/terms/page.tsx, app/privacy/page.tsx	audit-page reports 2 font families, 7 sizes, no off-palette colour, no contrast failure
2026-09-26T03:25:00Z	step 11	ran the full gate set	typecheck, lint, tests, build, e2e, contrast, token sync, whole-tree lint, live-page audit	npm run typecheck, npm run lint, npm run test, npm run build, npm run test:e2e, the four design scripts	591 unit tests pass, 4 e2e pass, build exit 0, lint 0 errors tree-wide, no contrast failure on 7 routes
2026-09-26T03:30:00Z	step 11	pointered the CI lint at the whole tree rather than a growing file list	every surface is migrated, so a hand-maintained list only creates a way to miss a new file	.github/workflows/ci.yml	the job lints 277 files, exit 0
2026-09-26T03:35:00Z	close	deleted the redesign plan and promoted its durable content into ADR 0001	the lifecycle requires a completed plan to be deleted, and the supersession of the phase-2 page composition is a settled decision	docs/adr/0001, docs/roadmap.md, node .keel/validate-docs-lifecycle.mjs	validator passes, phase 3 marked complete, the plan link removed
